{"cameraMode":{"drawMode":0,"name":"Shaded","section":"Shading Mode"},"sceneLighting":true,"audioPlay":false,"sceneViewState":{"showFog":true,"showMaterialUpdate":true,"showSkybox":true,"showFlares":true,"showImageEffects":true,"showParticleSystems":true},"in2DMode":false,"pivot":{"x":1.5917099714279175,"y":0.6628844738006592,"z":8.151219367980957},"rotation":{"x":0.008660273626446724,"y":-0.08330432325601578,"z":-0.0007238759426400065,"w":-0.9964863061904907},"size":10.69375991821289,"orthographic":false}